Tugas/Hari,Status,Tanggal,Hari,Fase,Catatan,Link/Referensi
"[HARI 0] Semua akun dan tools aktif","To do","2026-06-09",0,"Fase 0 — Persiapan","Selesaikan semua sebelum mulai coding",""
"M0.1 — Daftar AMD AI Developer Program","To do","2026-06-09",0,"Fase 0 — Persiapan","MANUAL 🔴 | Dapatkan $100 credits untuk AMD Developer Cloud (MI300X)","https://developer.amd.com/amd-ai-developer-program/"
"M0.2 — AMD Developer Cloud: verifikasi akses MI300X","To do","2026-06-09",0,"Fase 0 — Persiapan","MANUAL 🔴 | Pastikan bisa spin up instance GPU AMD. Cek credits sudah terapply",""
"M0.3 — Enroll lablab.ai AMD Hackathon ACT II","To do","2026-06-09",0,"Fase 0 — Persiapan","MANUAL 🔴 | Buat tim Revonalar (solo). Screenshot konfirmasi pendaftaran","https://lablab.ai/ai-hackathons/amd-developer-hackathon-act-ii"
"M0.4 — Buat akun Hugging Face + org revonalar","To do","2026-06-09",0,"Fase 0 — Persiapan","MANUAL 🟡 | Platform wajib untuk submit demo Space","https://huggingface.co"
"M0.5 — Buat repo GitHub fallacyx","To do","2026-06-09",0,"Fase 0 — Persiapan","MANUAL 🔴 | Public repo, add README + .gitignore Node + MIT license. Clone ke F:\Projects\fallacyx",""
"M0.6 — Supabase: tambahkan redirect URL FallacyX","To do","2026-06-09",0,"Fase 0 — Persiapan","MANUAL 🔴 | Project Revonalar (bfhjknbboxhsxbwnmjov). Tambah http://localhost:5174/auth/callback","https://supabase.com/dashboard"
"M0.7 — Simpan semua credentials di password manager","To do","2026-06-09",0,"Fase 0 — Persiapan","MANUAL 🟡 | AMD Cloud, Supabase, GitHub, HuggingFace, lablab.ai, Cloudflare",""
"M0.8 — Setup tracking progress (Notion/GitHub Projects)","To do","2026-06-09",0,"Fase 0 — Persiapan","MANUAL 🟢 | Pilih: Notion / GitHub Issues / PROGRESS.md di repo",""
"[HARI 1] Orientasi & AMD Cloud Aktif","To do","2026-06-10",1,"Fase 1 — Fondasi","Kerangka proyek berdiri",""
"1-P1 — Generate struktur folder proyek FallacyChecker","To do","2026-06-10",1,"Fase 1 — Fondasi","PROMPTING 🤖 | SvelteKit + API lengkap",""
"1-P2 — Generate docker-compose.yml","To do","2026-06-10",1,"Fase 1 — Fondasi","PROMPTING 🤖 | vLLM + Qdrant + FastAPI",""
"1-P3 — Generate requirements.txt Python backend","To do","2026-06-10",1,"Fase 1 — Fondasi","PROMPTING 🤖 | Semua dependency Python",""
"1-P4 — Generate health-check endpoint FastAPI","To do","2026-06-10",1,"Fase 1 — Fondasi","PROMPTING 🤖 | GET /health",""
"1-P5 — Generate schema DB Supabase: fallacy_analyses + fallacy_vectors","To do","2026-06-10",1,"Fase 1 — Fondasi","PROMPTING 🤖 | Tabel utama FallacyChecker",""
"1-P6 — Generate tabel user_fallacy_history dengan RLS policy","To do","2026-06-10",1,"Fase 1 — Fondasi","PROMPTING 🤖",""
"1-P7 — Generate SvelteKit route: /fallacy dan /fallacy/result/[id]","To do","2026-06-10",1,"Fase 1 — Fondasi","PROMPTING 🤖",""
"1-P8 — Generate FallacyInput.svelte","To do","2026-06-10",1,"Fase 1 — Fondasi","PROMPTING 🤖 | Textarea + URL input + upload",""
"1-P9 — Generate FallacyResult.svelte skeleton","To do","2026-06-10",1,"Fase 1 — Fondasi","PROMPTING 🤖 | Dengan slot untuk data",""
"1-P10 — Generate system prompt awal deteksi fallacy","To do","2026-06-10",1,"Fase 1 — Fondasi","PROMPTING 🤖 | JSON output",""
"1-P11 — Generate daftar 25 jenis logical fallacy + definisi Bahasa Indonesia","To do","2026-06-10",1,"Fase 1 — Fondasi","PROMPTING 🤖",""
"1-P12 — Generate script benchmark sederhana","To do","2026-06-10",1,"Fase 1 — Fondasi","PROMPTING 🤖 | Ukur latency endpoint AMD vs dummy",""
"1-P13 — Generate README.md dengan arsitektur diagram ASCII","To do","2026-06-10",1,"Fase 1 — Fondasi","PROMPTING 🤖",""
"1-P14 — Generate .env.example","To do","2026-06-10",1,"Fase 1 — Fondasi","PROMPTING 🤖 | Semua environment variable",""
"1-P15 — Generate Cloudflare Pages _redirects + config deployment","To do","2026-06-10",1,"Fase 1 — Fondasi","PROMPTING 🤖",""
"1-M1 — Daftar AMD AI Developer Program → dapat $100 credits","To do","2026-06-10",1,"Fase 1 — Fondasi","MANUAL 🖐️","https://developer.amd.com/amd-ai-developer-program/"
"1-M2 — Setup AMD Developer Cloud: verifikasi akses MI300X","To do","2026-06-10",1,"Fase 1 — Fondasi","MANUAL 🖐️",""
"1-M3 — Enroll lablab.ai AMD Hackathon ACT II","To do","2026-06-10",1,"Fase 1 — Fondasi","MANUAL 🖐️","https://lablab.ai"
"1-M4 — Buat repo GitHub: revonalar/fallacychecker","To do","2026-06-10",1,"Fase 1 — Fondasi","MANUAL 🖐️",""
"1-M5 — Setup Supabase project Revonalar bisa dipakai FallacyChecker","To do","2026-06-10",1,"Fase 1 — Fondasi","MANUAL 🖐️",""
"1-M6 — Buat Hugging Face account","To do","2026-06-10",1,"Fase 1 — Fondasi","MANUAL 🖐️","https://huggingface.co"
"1-M7 — Install ekstensi VS Code: Claude, Cursor, REST Client","To do","2026-06-10",1,"Fase 1 — Fondasi","MANUAL 🖐️",""
"1-M8 — Screenshot AMD Cloud dashboard sebagai bukti setup","To do","2026-06-10",1,"Fase 1 — Fondasi","MANUAL 🖐️ | Untuk slide presentasi",""
"1-M9 — Catat kredensial AMD cloud di password manager","To do","2026-06-10",1,"Fase 1 — Fondasi","MANUAL 🖐️",""
"1-M10 — Buat channel Discord/Notion tracking progress hackathon","To do","2026-06-10",1,"Fase 1 — Fondasi","MANUAL 🖐️",""
"[HARI 1 — Setup SvelteKit] M1.1 Init SvelteKit","To do","2026-06-10",1,"Fase 1 — Fondasi","MANUAL 🔴 | pnpm create svelte@latest . di F:\Projects\fallacyx. Port 5174",""
"[HARI 1 — Setup SvelteKit] M1.2 Install dependency Tailwind + Supabase + Cloudflare","To do","2026-06-10",1,"Fase 1 — Fondasi","MANUAL 🔴 | tailwindcss postcss autoprefixer + @supabase/supabase-js + @sveltejs/adapter-cloudflare",""
"[HARI 1 — Setup SvelteKit] M1.3 Buat file .env","To do","2026-06-10",1,"Fase 1 — Fondasi","MANUAL 🔴 | Isi SUPABASE URL, ANON KEY, SERVICE ROLE KEY. Pastikan .env ada di .gitignore",""
"[HARI 1 — Setup SvelteKit] M1.4 Verifikasi Supabase connection","To do","2026-06-10",1,"Fase 1 — Fondasi","MANUAL 🔴 | Login dengan akun Revonalar di localhost:5174",""
"[HARI 1 — Setup SvelteKit] M1.5 Jalankan migration SQL di Supabase","To do","2026-06-10",1,"Fase 1 — Fondasi","MANUAL 🔴 | Buat 5 tabel: fallacy_analyses, fallacy_vectors, fallacy_feedback, user_fallacy_stats, fallacy_achievements","https://supabase.com/dashboard"
"[HARI 1 — Setup SvelteKit] M1.6 Push kode pertama ke GitHub","To do","2026-06-10",1,"Fase 1 — Fondasi","MANUAL 🟡 | Pastikan .env tidak ikut terupload",""
"[HARI 1 — Setup SvelteKit] M1.7 Screenshot AMD Dashboard","To do","2026-06-10",1,"Fase 1 — Fondasi","MANUAL 🟢 | Credits tersisa + pilihan instance MI300X. Simpan di assets/hackathon-proof/",""
"[HARI 1 — Setup SvelteKit] M1.8 Setup Hugging Face Space placeholder","To do","2026-06-10",1,"Fase 1 — Fondasi","MANUAL 🟢 | Owner: revonalar. Name: fallacyx. SDK: Gradio. Public","https://huggingface.co"
"[HARI 2] Deploy vLLM + Model Pertama Berjalan","To do","2026-06-11",2,"Fase 1 — Fondasi","",""
"2-P1 — Generate script deploy vLLM di AMD Developer Cloud","To do","2026-06-11",2,"Fase 1 — Fondasi","PROMPTING 🤖 | ROCm backend",""
"2-P2 — Generate startup.sh spin up instance MI300X","To do","2026-06-11",2,"Fase 1 — Fondasi","PROMPTING 🤖",""
"2-P3 — Generate FastAPI endpoint POST /analyze/text","To do","2026-06-11",2,"Fase 1 — Fondasi","PROMPTING 🤖 | Terima teks, return JSON fallacy",""
"2-P4 — Generate Pydantic model request/response API","To do","2026-06-11",2,"Fase 1 — Fondasi","PROMPTING 🤖",""
"2-P5 — Generate prompt engineering v2: structured output + confidence score","To do","2026-06-11",2,"Fase 1 — Fondasi","PROMPTING 🤖",""
"2-P6 — Generate unit test endpoint /analyze/text","To do","2026-06-11",2,"Fase 1 — Fondasi","PROMPTING 🤖",""
"2-P7 — Generate script Python: test 10 teks ke endpoint + catat latency","To do","2026-06-11",2,"Fase 1 — Fondasi","PROMPTING 🤖",""
"2-P8 — Generate FallacyBadge.svelte","To do","2026-06-11",2,"Fase 1 — Fondasi","PROMPTING 🤖 | Komponen kecil tampilkan 1 fallacy",""
"2-P9 — Generate FallacyList.svelte","To do","2026-06-11",2,"Fase 1 — Fondasi","PROMPTING 🤖 | List semua fallacy terdeteksi",""
"2-P10 — Generate halaman /fallacy di SvelteKit (layout dasar)","To do","2026-06-11",2,"Fase 1 — Fondasi","PROMPTING 🤖",""
"2-P11 — Generate loading skeleton","To do","2026-06-11",2,"Fase 1 — Fondasi","PROMPTING 🤖 | Saat analisis sedang berjalan",""
"2-P12 — Generate error handling component API timeout/failure","To do","2026-06-11",2,"Fase 1 — Fondasi","PROMPTING 🤖",""
"2-P13 — Generate TypeScript types untuk data fallacy","To do","2026-06-11",2,"Fase 1 — Fondasi","PROMPTING 🤖",""
"2-P14 — Generate api.ts: fungsi fetch ke backend AMD","To do","2026-06-11",2,"Fase 1 — Fondasi","PROMPTING 🤖",""
"2-P15 — Generate migration SQL tabel fallacy di Supabase","To do","2026-06-11",2,"Fase 1 — Fondasi","PROMPTING 🤖",""
"2-M1 — SSH ke AMD, jalankan script deploy vLLM","To do","2026-06-11",2,"Fase 1 — Fondasi","MANUAL 🖐️",""
"2-M2 — Download model Llama-3-70B atau Qwen-72B ke instance AMD","To do","2026-06-11",2,"Fase 1 — Fondasi","MANUAL 🖐️",""
"2-M3 — Test endpoint manual via curl","To do","2026-06-11",2,"Fase 1 — Fondasi","MANUAL 🖐️ | Kirim teks, lihat respons",""
"2-M4 — Catat latency pertama kali","To do","2026-06-11",2,"Fase 1 — Fondasi","MANUAL 🖐️ | Berapa detik model response?",""
"2-M5 — Adjust parameter vLLM jika terlalu lambat","To do","2026-06-11",2,"Fase 1 — Fondasi","MANUAL 🖐️ | max_tokens, temperature",""
"2-M6 — Push kode awal ke GitHub","To do","2026-06-11",2,"Fase 1 — Fondasi","MANUAL 🖐️",""
"2-M7 — Verifikasi Supabase migration berhasil","To do","2026-06-11",2,"Fase 1 — Fondasi","MANUAL 🖐️",""
"2-M8 — Test koneksi SvelteKit → FastAPI → AMD endpoint","To do","2026-06-11",2,"Fase 1 — Fondasi","MANUAL 🖐️",""
"2-M9 — Screenshot/record: model pertama kali deteksi fallacy","To do","2026-06-11",2,"Fase 1 — Fondasi","MANUAL 🖐️",""
"2-M10 — Catat semua error untuk diselesaikan besok","To do","2026-06-11",2,"Fase 1 — Fondasi","MANUAL 🖐️",""
"[HARI 3] Pipeline Audio & YouTube","To do","2026-06-12",3,"Fase 1 — Fondasi","",""
"3-P1 — Generate endpoint POST /analyze/youtube","To do","2026-06-12",3,"Fase 1 — Fondasi","PROMPTING 🤖 | Terima URL, return fallacy",""
"3-P2 — Generate script Python: yt-dlp + ffmpeg extract audio dari YouTube","To do","2026-06-12",3,"Fase 1 — Fondasi","PROMPTING 🤖",""
"3-P3 — Generate integrasi Whisper Large-v3 + ROCm untuk transkripsi","To do","2026-06-12",3,"Fase 1 — Fondasi","PROMPTING 🤖",""
"3-P4 — Generate pipeline: YouTube URL → audio → transkripsi → fallacy detection","To do","2026-06-12",3,"Fase 1 — Fondasi","PROMPTING 🤖",""
"3-P5 — Generate endpoint POST /analyze/url (scrape artikel)","To do","2026-06-12",3,"Fase 1 — Fondasi","PROMPTING 🤖",""
"3-P6 — Generate fungsi scraping pakai Jina Reader API","To do","2026-06-12",3,"Fase 1 — Fondasi","PROMPTING 🤖 | r.jina.ai/[url]",""
"3-P7 — Generate endpoint POST /analyze/audio","To do","2026-06-12",3,"Fase 1 — Fondasi","PROMPTING 🤖 | Upload file audio, return fallacy",""
"3-P8 — Generate progress tracking: SSE untuk update real-time","To do","2026-06-12",3,"Fase 1 — Fondasi","PROMPTING 🤖 | Server-Sent Events",""
"3-P9 — Generate ProgressBar.svelte","To do","2026-06-12",3,"Fase 1 — Fondasi","PROMPTING 🤖",""
"3-P10 — Generate komponen upload audio di SvelteKit","To do","2026-06-12",3,"Fase 1 — Fondasi","PROMPTING 🤖",""
"3-P11 — Generate YouTube URL validator dan extractor video ID","To do","2026-06-12",3,"Fase 1 — Fondasi","PROMPTING 🤖",""
"3-P12 — Generate caching layer: simpan hasil agar tidak proses ulang URL sama","To do","2026-06-12",3,"Fase 1 — Fondasi","PROMPTING 🤖",""
"3-P13 — Generate Redis config untuk caching","To do","2026-06-12",3,"Fase 1 — Fondasi","PROMPTING 🤖 | Atau pakai Supabase sebagai cache",""
"3-P14 — Generate script test: analisis 5 video YouTube berbeda","To do","2026-06-12",3,"Fase 1 — Fondasi","PROMPTING 🤖 | Ukur waktu",""
"3-P15 — Generate dokumentasi API (OpenAPI spec) otomatis dari FastAPI","To do","2026-06-12",3,"Fase 1 — Fondasi","PROMPTING 🤖",""
"3-M1 — Test pipeline YouTube end-to-end","To do","2026-06-12",3,"Fase 1 — Fondasi","MANUAL 🖐️ | Paste URL → lihat fallacy muncul",""
"3-M2 — Pilih 3 video YouTube Indonesia kaya fallacy untuk demo material","To do","2026-06-12",3,"Fase 1 — Fondasi","MANUAL 🖐️",""
"3-M3 — Test upload audio MP3: apakah transkripsi akurat?","To do","2026-06-12",3,"Fase 1 — Fondasi","MANUAL 🖐️",""
"3-M4 — Verifikasi Whisper berjalan di GPU AMD bukan CPU","To do","2026-06-12",3,"Fase 1 — Fondasi","MANUAL 🖐️",""
"3-M5 — Monitor GPU memory: LLM + Whisper berjalan bersamaan","To do","2026-06-12",3,"Fase 1 — Fondasi","MANUAL 🖐️",""
"3-M6 — Test scraping 5 artikel berita berbeda","To do","2026-06-12",3,"Fase 1 — Fondasi","MANUAL 🖐️ | Cek akurasi deteksi",""
"3-M7 — Dokumentasikan: jenis fallacy apa yang paling sering terdeteksi","To do","2026-06-12",3,"Fase 1 — Fondasi","MANUAL 🖐️",""
"3-M8 — Push update ke GitHub","To do","2026-06-12",3,"Fase 1 — Fondasi","MANUAL 🖐️",""
"3-M9 — Update README.md dengan cara menjalankan pipeline","To do","2026-06-12",3,"Fase 1 — Fondasi","MANUAL 🖐️",""
"3-M10 — Catat benchmark: latency per pipeline (teks vs YouTube vs audio)","To do","2026-06-12",3,"Fase 1 — Fondasi","MANUAL 🖐️",""
"[HARI 4] RAG Setup + Qdrant","To do","2026-06-13",4,"Fase 1 — Fondasi","",""
"4-P1 — Generate script deploy Qdrant di AMD Developer Cloud","To do","2026-06-13",4,"Fase 1 — Fondasi","PROMPTING 🤖",""
"4-P2 — Generate fungsi embedding: konversi teks fallacy ke vektor","To do","2026-06-13",4,"Fase 1 — Fondasi","PROMPTING 🤖",""
"4-P3 — Generate pipeline: fallacy terdeteksi → embed → simpan ke Qdrant","To do","2026-06-13",4,"Fase 1 — Fondasi","PROMPTING 🤖",""
"4-P4 — Generate endpoint GET /similar?fallacy_id=X","To do","2026-06-13",4,"Fase 1 — Fondasi","PROMPTING 🤖 | Cari fallacy serupa",""
"4-P5 — Generate memori kolektif: cross-reference dengan analisis sebelumnya","To do","2026-06-13",4,"Fase 1 — Fondasi","PROMPTING 🤖",""
"4-P6 — Generate SimilarFallacies.svelte","To do","2026-06-13",4,"Fase 1 — Fondasi","PROMPTING 🤖 | Tampilkan konten terkait",""
"4-P7 — Generate script bulk import 100 contoh fallacy seed Qdrant","To do","2026-06-13",4,"Fase 1 — Fondasi","PROMPTING 🤖",""
"4-P8 — Generate query optimizer Qdrant","To do","2026-06-13",4,"Fase 1 — Fondasi","PROMPTING 🤖 | Filter by type, confidence score",""
"4-P9 — Generate fallacy_taxonomy.json: hierarki lengkap 25 jenis fallacy","To do","2026-06-13",4,"Fase 1 — Fondasi","PROMPTING 🤖",""
"4-P10 — Generate script benchmark Qdrant: search 1 juta vektor","To do","2026-06-13",4,"Fase 1 — Fondasi","PROMPTING 🤖",""
"4-P11 — Generate fungsi deduplikasi","To do","2026-06-13",4,"Fase 1 — Fondasi","PROMPTING 🤖 | Hindari simpan fallacy identik",""
"4-P12 — Generate tag otomatis: label topik per analisis","To do","2026-06-13",4,"Fase 1 — Fondasi","PROMPTING 🤖 | Politik, sains, dll",""
"4-P13 — Generate FallacyTimeline.svelte","To do","2026-06-13",4,"Fase 1 — Fondasi","PROMPTING 🤖 | History analisis user",""
"4-P14 — Generate API endpoint: ambil history analisis user dari Supabase","To do","2026-06-13",4,"Fase 1 — Fondasi","PROMPTING 🤖",""
"4-P15 — Generate integrasi Supabase Auth: analisis tersimpan per user","To do","2026-06-13",4,"Fase 1 — Fondasi","PROMPTING 🤖",""
"4-M1 — Deploy Qdrant, verifikasi berjalan di AMD cloud","To do","2026-06-13",4,"Fase 1 — Fondasi","MANUAL 🖐️",""
"4-M2 — Test embedding: kirim teks, cek vektor tersimpan di Qdrant","To do","2026-06-13",4,"Fase 1 — Fondasi","MANUAL 🖐️",""
"4-M3 — Test cross-reference: analisis video baru, cari kesamaan","To do","2026-06-13",4,"Fase 1 — Fondasi","MANUAL 🖐️",""
"4-M4 — Monitor total GPU memory: vLLM + Whisper + embedding bersamaan","To do","2026-06-13",4,"Fase 1 — Fondasi","MANUAL 🖐️",""
"4-M5 — Catat total VRAM usage (angka kunci untuk slide kenapa AMD)","To do","2026-06-13",4,"Fase 1 — Fondasi","MANUAL 🖐️",""
"4-M6 — Test search Qdrant: seberapa cepat menemukan fallacy serupa","To do","2026-06-13",4,"Fase 1 — Fondasi","MANUAL 🖐️",""
"4-M7 — Seed 50 contoh fallacy manual ke Qdrant untuk demo","To do","2026-06-13",4,"Fase 1 — Fondasi","MANUAL 🖐️",""
"4-M8 — Push semua update ke GitHub","To do","2026-06-13",4,"Fase 1 — Fondasi","MANUAL 🖐️",""
"4-M9 — Review kualitas deteksi: 70B vs 7B, dokumentasikan","To do","2026-06-13",4,"Fase 1 — Fondasi","MANUAL 🖐️",""
"4-M10 — Catat: fitur RAG mana yang paling impressive untuk demo","To do","2026-06-13",4,"Fase 1 — Fondasi","MANUAL 🖐️",""
"[HARI 5] Chrome Extension — Fondasi","To do","2026-06-14",5,"Fase 2 — Extension & UI","",""
"5-P1 — Generate manifest.json v3 untuk Chrome Extension side panel","To do","2026-06-14",5,"Fase 2 — Extension & UI","PROMPTING 🤖",""
"5-P2 — Generate background.js service worker","To do","2026-06-14",5,"Fase 2 — Extension & UI","PROMPTING 🤖",""
"5-P3 — Generate sidepanel.html + sidepanel.js","To do","2026-06-14",5,"Fase 2 — Extension & UI","PROMPTING 🤖 | UI panel kanan",""
"5-P4 — Generate content.js script halaman YouTube","To do","2026-06-14",5,"Fase 2 — Extension & UI","PROMPTING 🤖",""
"5-P5 — Generate logic: deteksi subtitle YouTube tiap 5 detik via MutationObserver","To do","2026-06-14",5,"Fase 2 — Extension & UI","PROMPTING 🤖",""
"5-P6 — Generate fungsi: kirim subtitle chunk ke AMD backend API","To do","2026-06-14",5,"Fase 2 — Extension & UI","PROMPTING 🤖",""
"5-P7 — Generate fungsi: terima hasil fallacy, tampilkan di side panel","To do","2026-06-14",5,"Fase 2 — Extension & UI","PROMPTING 🤖",""
"5-P8 — Generate sidepanel.css","To do","2026-06-14",5,"Fase 2 — Extension & UI","PROMPTING 🤖 | Desain panel clean dan modern",""
"5-P9 — Generate komponen notifikasi: badge merah saat fallacy terdeteksi","To do","2026-06-14",5,"Fase 2 — Extension & UI","PROMPTING 🤖",""
"5-P10 — Generate popup klik icon extension (status + quick stats)","To do","2026-06-14",5,"Fase 2 — Extension & UI","PROMPTING 🤖",""
"5-P11 — Generate settings page: sensitivitas deteksi, bahasa, notifikasi","To do","2026-06-14",5,"Fase 2 — Extension & UI","PROMPTING 🤖",""
"5-P12 — Generate utils.js helper functions untuk extension","To do","2026-06-14",5,"Fase 2 — Extension & UI","PROMPTING 🤖",""
"5-P13 — Generate script build extension (webpack/vite config)","To do","2026-06-14",5,"Fase 2 — Extension & UI","PROMPTING 🤖",""
"5-P14 — Generate README instalasi extension","To do","2026-06-14",5,"Fase 2 — Extension & UI","PROMPTING 🤖",""
"5-P15 — Generate unit test untuk content script logic","To do","2026-06-14",5,"Fase 2 — Extension & UI","PROMPTING 🤖",""
"5-M1 — Load extension di Chrome (developer mode)","To do","2026-06-14",5,"Fase 2 — Extension & UI","MANUAL 🖐️ | chrome://extensions",""
"5-M2 — Buka YouTube, verifikasi content script berjalan","To do","2026-06-14",5,"Fase 2 — Extension & UI","MANUAL 🖐️",""
"5-M3 — Test: subtitle berhasil di-capture tiap 5 detik?","To do","2026-06-14",5,"Fase 2 — Extension & UI","MANUAL 🖐️",""
"5-M4 — Verifikasi koneksi extension → AMD backend API","To do","2026-06-14",5,"Fase 2 — Extension & UI","MANUAL 🖐️",""
"5-M5 — Lihat side panel: muncul dengan benar di samping YouTube?","To do","2026-06-14",5,"Fase 2 — Extension & UI","MANUAL 🖐️",""
"5-M6 — Test notifikasi: badge muncul saat fallacy terdeteksi?","To do","2026-06-14",5,"Fase 2 — Extension & UI","MANUAL 🖐️",""
"5-M7 — Coba di beberapa video: berita, debat, podcast","To do","2026-06-14",5,"Fase 2 — Extension & UI","MANUAL 🖐️",""
"5-M8 — Catat bug yang ditemukan","To do","2026-06-14",5,"Fase 2 — Extension & UI","MANUAL 🖐️",""
"5-M9 — Screenshot extension dalam aksi untuk dokumentasi","To do","2026-06-14",5,"Fase 2 — Extension & UI","MANUAL 🖐️",""
"5-M10 — Push kode extension ke GitHub","To do","2026-06-14",5,"Fase 2 — Extension & UI","MANUAL 🖐️",""
"[HARI 6] Chrome Extension — Polish + Non-YouTube","To do","2026-06-15",6,"Fase 2 — Extension & UI","",""
"6-P1 — Generate logic: deteksi teks di halaman web arbitrary","To do","2026-06-15",6,"Fase 2 — Extension & UI","PROMPTING 🤖 | Bukan hanya YouTube",""
"6-P2 — Generate right-click context menu: Cek Fallacy di teks ini","To do","2026-06-15",6,"Fase 2 — Extension & UI","PROMPTING 🤖",""
"6-P3 — Generate highlight overlay: teks dengan fallacy di-highlight warna","To do","2026-06-15",6,"Fase 2 — Extension & UI","PROMPTING 🤖",""
"6-P4 — Generate tooltip: hover di highlight → nama fallacy + penjelasan","To do","2026-06-15",6,"Fase 2 — Extension & UI","PROMPTING 🤖",""
"6-P5 — Generate animasi smooth saat fallacy baru muncul di side panel","To do","2026-06-15",6,"Fase 2 — Extension & UI","PROMPTING 🤖",""
"6-P6 — Generate dark mode untuk side panel","To do","2026-06-15",6,"Fase 2 — Extension & UI","PROMPTING 🤖",""
"6-P7 — Generate FallacyCard di side panel","To do","2026-06-15",6,"Fase 2 — Extension & UI","PROMPTING 🤖 | Tiap fallacy 1 card",""
"6-P8 — Generate timestamp link: klik timestamp → video jump ke momen itu","To do","2026-06-15",6,"Fase 2 — Extension & UI","PROMPTING 🤖",""
"6-P9 — Generate share button: bagikan hasil ke feed Revonalar","To do","2026-06-15",6,"Fase 2 — Extension & UI","PROMPTING 🤖",""
"6-P10 — Generate counter badge di icon extension","To do","2026-06-15",6,"Fase 2 — Extension & UI","PROMPTING 🤖 | 3 fallacy ditemukan",""
"6-P11 — Generate auto-pause: video pause saat fallacy kritis terdeteksi","To do","2026-06-15",6,"Fase 2 — Extension & UI","PROMPTING 🤖",""
"6-P12 — Generate keyboard shortcut Alt+F toggle side panel","To do","2026-06-15",6,"Fase 2 — Extension & UI","PROMPTING 🤖",""
"6-P13 — Generate onboarding flow: tutorial singkat saat pertama install","To do","2026-06-15",6,"Fase 2 — Extension & UI","PROMPTING 🤖",""
"6-P14 — Generate analytics tracker: kirim anonymous usage data ke Supabase","To do","2026-06-15",6,"Fase 2 — Extension & UI","PROMPTING 🤖",""
"6-P15 — Generate komponen feedback: mark deteksi tepat/salah","To do","2026-06-15",6,"Fase 2 — Extension & UI","PROMPTING 🤖",""
"6-M1 — Test highlight overlay di artikel berita online","To do","2026-06-15",6,"Fase 2 — Extension & UI","MANUAL 🖐️",""
"6-M2 — Test context menu: select teks → klik kanan → Cek Fallacy","To do","2026-06-15",6,"Fase 2 — Extension & UI","MANUAL 🖐️",""
"6-M3 — Test di Kompas, CNN Indonesia, Medium","To do","2026-06-15",6,"Fase 2 — Extension & UI","MANUAL 🖐️",""
"6-M4 — Verifikasi dark mode bekerja","To do","2026-06-15",6,"Fase 2 — Extension & UI","MANUAL 🖐️",""
"6-M5 — Test keyboard shortcut Alt+F","To do","2026-06-15",6,"Fase 2 — Extension & UI","MANUAL 🖐️",""
"6-M6 — Record screen: demo extension di artikel berita","To do","2026-06-15",6,"Fase 2 — Extension & UI","MANUAL 🖐️ | Calon konten demo video",""
"6-M7 — Ukur: klik Cek Fallacy sampai hasil muncul berapa lama?","To do","2026-06-15",6,"Fase 2 — Extension & UI","MANUAL 🖐️",""
"6-M8 — Test feedback mechanism: data tersimpan di Supabase?","To do","2026-06-15",6,"Fase 2 — Extension & UI","MANUAL 🖐️",""
"6-M9 — Tunjukkan ke 1-2 orang, minta feedback pertama","To do","2026-06-15",6,"Fase 2 — Extension & UI","MANUAL 🖐️",""
"6-M10 — Push update + tag v0.1.0 di GitHub","To do","2026-06-15",6,"Fase 2 — Extension & UI","MANUAL 🖐️",""
"[HARI 7] Revonalar Integration — FallacyChecker Page","To do","2026-06-16",7,"Fase 2 — Extension & UI","",""
"7-P1 — Generate halaman /fallacy di Revonalar (layout utama)","To do","2026-06-16",7,"Fase 2 — Extension & UI","PROMPTING 🤖",""
"7-P2 — Generate tab navigation: Teks | URL | YouTube | Audio","To do","2026-06-16",7,"Fase 2 — Extension & UI","PROMPTING 🤖",""
"7-P3 — Generate form submit dengan validasi per input type","To do","2026-06-16",7,"Fase 2 — Extension & UI","PROMPTING 🤖",""
"7-P4 — Generate animasi loading: Sedang menganalisis...","To do","2026-06-16",7,"Fase 2 — Extension & UI","PROMPTING 🤖 | Progress step",""
"7-P5 — Generate halaman hasil /fallacy/result/[id]","To do","2026-06-16",7,"Fase 2 — Extension & UI","PROMPTING 🤖 | Tampilan lengkap analisis",""
"7-P6 — Generate visualisasi: pie chart breakdown jenis fallacy","To do","2026-06-16",7,"Fase 2 — Extension & UI","PROMPTING 🤖",""
"7-P7 — Generate timeline view: fallacy per menit untuk konten video","To do","2026-06-16",7,"Fase 2 — Extension & UI","PROMPTING 🤖",""
"7-P8 — Generate Confidence Score indicator per fallacy","To do","2026-06-16",7,"Fase 2 — Extension & UI","PROMPTING 🤖",""
"7-P9 — Generate section Pelajari Lebih Lanjut (link ke lesson Revonalar)","To do","2026-06-16",7,"Fase 2 — Extension & UI","PROMPTING 🤖",""
"7-P10 — Generate gamifikasi: Diamond per analisis pertama per hari","To do","2026-06-16",7,"Fase 2 — Extension & UI","PROMPTING 🤖",""
"7-P11 — Generate share card: hasil analisis bisa di-share sebagai gambar","To do","2026-06-16",7,"Fase 2 — Extension & UI","PROMPTING 🤖",""
"7-P12 — Generate halaman /fallacy/leaderboard","To do","2026-06-16",7,"Fase 2 — Extension & UI","PROMPTING 🤖 | Siapa paling banyak analisis bulan ini",""
"7-P13 — Generate notifikasi in-app: Kamu baru mendeteksi Ad Hominem pertamamu!","To do","2026-06-16",7,"Fase 2 — Extension & UI","PROMPTING 🤖",""
"7-P14 — Generate Fallacy of the Day untuk dashboard Revonalar","To do","2026-06-16",7,"Fase 2 — Extension & UI","PROMPTING 🤖",""
"7-P15 — Generate integrasi: hasil analisis muncul di feed sosmed Revonalar","To do","2026-06-16",7,"Fase 2 — Extension & UI","PROMPTING 🤖",""
"7-M1 — Test flow: login Revonalar → /fallacy → analisis → hasil","To do","2026-06-16",7,"Fase 2 — Extension & UI","MANUAL 🖐️",""
"7-M2 — Verifikasi Diamond reward masuk setelah analisis","To do","2026-06-16",7,"Fase 2 — Extension & UI","MANUAL 🖐️",""
"7-M3 — Test share card: gambar ter-generate dengan benar?","To do","2026-06-16",7,"Fase 2 — Extension & UI","MANUAL 🖐️",""
"7-M4 — Cek tampilan di mobile","To do","2026-06-16",7,"Fase 2 — Extension & UI","MANUAL 🖐️",""
"7-M5 — Test leaderboard: data ter-update real-time?","To do","2026-06-16",7,"Fase 2 — Extension & UI","MANUAL 🖐️",""
"7-M6 — Verifikasi Pelajari Lebih Lanjut link ke lesson yang tepat","To do","2026-06-16",7,"Fase 2 — Extension & UI","MANUAL 🖐️",""
"7-M7 — Test notifikasi in-app","To do","2026-06-16",7,"Fase 2 — Extension & UI","MANUAL 🖐️",""
"7-M8 — Review UI: konsisten dengan desain Revonalar?","To do","2026-06-16",7,"Fase 2 — Extension & UI","MANUAL 🖐️",""
"7-M9 — Minta feedback dari 2-3 user Revonalar","To do","2026-06-16",7,"Fase 2 — Extension & UI","MANUAL 🖐️",""
"7-M10 — Dokumentasikan semua issue UI","To do","2026-06-16",7,"Fase 2 — Extension & UI","MANUAL 🖐️",""
"[HARI 8] Revonalar Existing Features — Clean Presentation","To do","2026-06-17",8,"Fase 2 — Extension & UI","",""
"8-P1 — Generate landing section baru homepage Revonalar: showcase FallacyChecker","To do","2026-06-17",8,"Fase 2 — Extension & UI","PROMPTING 🤖",""
"8-P2 — Generate FallacyCheckerPromo.svelte (banner dashboard student)","To do","2026-06-17",8,"Fase 2 — Extension & UI","PROMPTING 🤖",""
"8-P3 — Generate integrasi TrapEngine: soal tentang fallacy yang baru dianalisis","To do","2026-06-17",8,"Fase 2 — Extension & UI","PROMPTING 🤖",""
"8-P4 — Generate koneksi Mindmap: fallacy taxonomy jadi mindmap interaktif","To do","2026-06-17",8,"Fase 2 — Extension & UI","PROMPTING 🤖",""
"8-P5 — Generate RevoPay flow untuk unlock fitur premium FallacyChecker","To do","2026-06-17",8,"Fase 2 — Extension & UI","PROMPTING 🤖",""
"8-P6 — Generate UMKM banner placement di /fallacy (subsidi silang)","To do","2026-06-17",8,"Fase 2 — Extension & UI","PROMPTING 🤖",""
"8-P7 — Generate Maskot reaction saat fallacy berhasil ditemukan","To do","2026-06-17",8,"Fase 2 — Extension & UI","PROMPTING 🤖",""
"8-P8 — Generate notifikasi Inbox: Analisismu viral di feed!","To do","2026-06-17",8,"Fase 2 — Extension & UI","PROMPTING 🤖",""
"8-P9 — Generate sosmed feed post otomatis saat user selesai analisis","To do","2026-06-17",8,"Fase 2 — Extension & UI","PROMPTING 🤖",""
"8-P10 — Generate achievement/trophy baru: Fallacy Hunter, Logic Guardian","To do","2026-06-17",8,"Fase 2 — Extension & UI","PROMPTING 🤖",""
"8-P11 — Generate onboarding popup: perkenalkan FallacyChecker ke user lama","To do","2026-06-17",8,"Fase 2 — Extension & UI","PROMPTING 🤖",""
"8-P12 — Generate statistik global: komunitas sudah deteksi X fallacy","To do","2026-06-17",8,"Fase 2 — Extension & UI","PROMPTING 🤖",""
"8-P13 — Generate weekly digest email: ringkasan fallacy terpopuler","To do","2026-06-17",8,"Fase 2 — Extension & UI","PROMPTING 🤖",""
"8-P14 — Generate API endpoint untuk data statistik publik","To do","2026-06-17",8,"Fase 2 — Extension & UI","PROMPTING 🤖",""
"8-P15 — Generate robots.txt dan sitemap update","To do","2026-06-17",8,"Fase 2 — Extension & UI","PROMPTING 🤖",""
"8-M1 — Audit fitur Revonalar: mana yang perlu di-refresh visual","To do","2026-06-17",8,"Fase 2 — Extension & UI","MANUAL 🖐️",""
"8-M2 — Test TrapEngine dengan soal fallacy baru","To do","2026-06-17",8,"Fase 2 — Extension & UI","MANUAL 🖐️",""
"8-M3 — Verifikasi Mindmap fallacy taxonomy bisa di-render","To do","2026-06-17",8,"Fase 2 — Extension & UI","MANUAL 🖐️",""
"8-M4 — Test RevoPay flow untuk FallacyChecker premium","To do","2026-06-17",8,"Fase 2 — Extension & UI","MANUAL 🖐️",""
"8-M5 — Cek UMKM banner: tidak mengganggu tapi visible","To do","2026-06-17",8,"Fase 2 — Extension & UI","MANUAL 🖐️",""
"8-M6 — Test Maskot reaction animasi","To do","2026-06-17",8,"Fase 2 — Extension & UI","MANUAL 🖐️",""
"8-M7 — Verifikasi trophy/achievement tersimpan di database","To do","2026-06-17",8,"Fase 2 — Extension & UI","MANUAL 🖐️",""
"8-M8 — Review statistik global: apakah angka akurat?","To do","2026-06-17",8,"Fase 2 — Extension & UI","MANUAL 🖐️",""
"8-M9 — Push semua update","To do","2026-06-17",8,"Fase 2 — Extension & UI","MANUAL 🖐️",""
"8-M10 — Screenshot setiap fitur terintegrasi untuk slide presentasi","To do","2026-06-17",8,"Fase 2 — Extension & UI","MANUAL 🖐️",""
"[HARI 9] Prompt Engineering & Akurasi Model","To do","2026-06-18",9,"Fase 3 — Intensif Build","",""
"9-P1 — Generate 50 test case: teks fallacy berlabel manual","To do","2026-06-18",9,"Fase 3 — Intensif Build","PROMPTING 🤖",""
"9-P2 — Generate script evaluasi otomatis: output model vs label manual","To do","2026-06-18",9,"Fase 3 — Intensif Build","PROMPTING 🤖",""
"9-P3 — Generate prompt v3: few-shot examples tiap kategori fallacy","To do","2026-06-18",9,"Fase 3 — Intensif Build","PROMPTING 🤖",""
"9-P4 — Generate chain-of-thought prompt: model jelaskan reasoning","To do","2026-06-18",9,"Fase 3 — Intensif Build","PROMPTING 🤖",""
"9-P5 — Generate prompt Bahasa Indonesia: konteks budaya lokal","To do","2026-06-18",9,"Fase 3 — Intensif Build","PROMPTING 🤖",""
"9-P6 — Generate prompt codeswitching Bahasa Indonesia-Inggris","To do","2026-06-18",9,"Fase 3 — Intensif Build","PROMPTING 🤖",""
"9-P7 — Generate script A/B test: akurasi 70B vs 7B","To do","2026-06-18",9,"Fase 3 — Intensif Build","PROMPTING 🤖",""
"9-P8 — Generate output formatter: JSON selalu valid","To do","2026-06-18",9,"Fase 3 — Intensif Build","PROMPTING 🤖",""
"9-P9 — Generate fallback handler: return tidak terdeteksi jika tidak yakin","To do","2026-06-18",9,"Fase 3 — Intensif Build","PROMPTING 🤖",""
"9-P10 — Generate prompt mode educational: output panjang + contoh","To do","2026-06-18",9,"Fase 3 — Intensif Build","PROMPTING 🤖",""
"9-P11 — Generate prompt mode quick: hanya nama fallacy","To do","2026-06-18",9,"Fase 3 — Intensif Build","PROMPTING 🤖",""
"9-P12 — Generate sistem rating akurasi: user vote deteksi tepat/tidak","To do","2026-06-18",9,"Fase 3 — Intensif Build","PROMPTING 🤖",""
"9-P13 — Generate script agregasi feedback: update prompt dari vote user","To do","2026-06-18",9,"Fase 3 — Intensif Build","PROMPTING 🤖",""
"9-P14 — Generate dokumentasi panduan prompt engineering","To do","2026-06-18",9,"Fase 3 — Intensif Build","PROMPTING 🤖",""
"9-P15 — Generate benchmark report template","To do","2026-06-18",9,"Fase 3 — Intensif Build","PROMPTING 🤖",""
"9-M1 — Jalankan 50 test case, catat akurasi manual","To do","2026-06-18",9,"Fase 3 — Intensif Build","MANUAL 🖐️",""
"9-M2 — Bandingkan 70B vs 7B: signifikan lebih baik?","To do","2026-06-18",9,"Fase 3 — Intensif Build","MANUAL 🖐️",""
"9-M3 — Test prompt Bahasa Indonesia dengan artikel Kompas/Detik","To do","2026-06-18",9,"Fase 3 — Intensif Build","MANUAL 🖐️",""
"9-M4 — Test prompt codeswitching dengan konten YouTube Indonesia","To do","2026-06-18",9,"Fase 3 — Intensif Build","MANUAL 🖐️",""
"9-M5 — Identifikasi 3 jenis fallacy yang paling sering salah terdeteksi","To do","2026-06-18",9,"Fase 3 — Intensif Build","MANUAL 🖐️",""
"9-M6 — Perbaiki prompt secara manual berdasarkan temuan","To do","2026-06-18",9,"Fase 3 — Intensif Build","MANUAL 🖐️",""
"9-M7 — Ukur ulang akurasi setelah perbaikan prompt","To do","2026-06-18",9,"Fase 3 — Intensif Build","MANUAL 🖐️",""
"9-M8 — Dokumentasikan: akurasi naik dari X% ke Y% dengan prompt v3","To do","2026-06-18",9,"Fase 3 — Intensif Build","MANUAL 🖐️",""
"9-M9 — Rekam video singkat: demo akurasi deteksi yang impressive","To do","2026-06-18",9,"Fase 3 — Intensif Build","MANUAL 🖐️",""
"9-M10 — Push semua prompt dan benchmark ke GitHub","To do","2026-06-18",9,"Fase 3 — Intensif Build","MANUAL 🖐️",""
"[HARI 10] Performance Benchmark & Optimasi","To do","2026-06-19",10,"Fase 3 — Intensif Build","",""
"10-P1 — Generate script benchmark: latency, throughput, VRAM usage","To do","2026-06-19",10,"Fase 3 — Intensif Build","PROMPTING 🤖",""
"10-P2 — Generate load test: 50 user concurrent","To do","2026-06-19",10,"Fase 3 — Intensif Build","PROMPTING 🤖",""
"10-P3 — Generate monitoring dashboard: Grafana config AMD GPU","To do","2026-06-19",10,"Fase 3 — Intensif Build","PROMPTING 🤖",""
"10-P4 — Generate auto-scaling config","To do","2026-06-19",10,"Fase 3 — Intensif Build","PROMPTING 🤖",""
"10-P5 — Generate caching strategy: response cache per URL","To do","2026-06-19",10,"Fase 3 — Intensif Build","PROMPTING 🤖",""
"10-P6 — Generate script: AMD MI300X vs estimasi H100, T4","To do","2026-06-19",10,"Fase 3 — Intensif Build","PROMPTING 🤖",""
"10-P7 — Generate laporan benchmark format tabel markdown","To do","2026-06-19",10,"Fase 3 — Intensif Build","PROMPTING 🤖",""
"10-P8 — Generate optimasi vLLM: tensor parallelism, continuous batching","To do","2026-06-19",10,"Fase 3 — Intensif Build","PROMPTING 🤖",""
"10-P9 — Generate script profile memory: track VRAM per model component","To do","2026-06-19",10,"Fase 3 — Intensif Build","PROMPTING 🤖",""
"10-P10 — Generate alert: notifikasi jika latency > 3 detik","To do","2026-06-19",10,"Fase 3 — Intensif Build","PROMPTING 🤖",""
"10-P11 — Generate retry logic: AMD API timeout, retry 3x dengan backoff","To do","2026-06-19",10,"Fase 3 — Intensif Build","PROMPTING 🤖",""
"10-P12 — Generate circuit breaker jika backend down","To do","2026-06-19",10,"Fase 3 — Intensif Build","PROMPTING 🤖",""
"10-P13 — Generate script stress test: 1000 request dalam 1 menit","To do","2026-06-19",10,"Fase 3 — Intensif Build","PROMPTING 🤖",""
"10-P14 — Generate cost calculator: estimasi biaya per 1000 analisis","To do","2026-06-19",10,"Fase 3 — Intensif Build","PROMPTING 🤖",""
"10-P15 — Generate slide teknis: arsitektur + benchmark visual","To do","2026-06-19",10,"Fase 3 — Intensif Build","PROMPTING 🤖",""
"10-M1 — Jalankan benchmark lengkap, catat semua angka","To do","2026-06-19",10,"Fase 3 — Intensif Build","MANUAL 🖐️",""
"10-M2 — Jalankan load test 50 concurrent users, monitor GPU","To do","2026-06-19",10,"Fase 3 — Intensif Build","MANUAL 🖐️",""
"10-M3 — Screenshot GPU utilization saat peak load (untuk slide)","To do","2026-06-19",10,"Fase 3 — Intensif Build","MANUAL 🖐️",""
"10-M4 — Identifikasi bottleneck: mana pipeline paling lambat?","To do","2026-06-19",10,"Fase 3 — Intensif Build","MANUAL 🖐️",""
"10-M5 — Apply optimasi, ukur ulang performa","To do","2026-06-19",10,"Fase 3 — Intensif Build","MANUAL 🖐️",""
"10-M6 — Verifikasi angka benchmark yang akan diklaim di presentasi","To do","2026-06-19",10,"Fase 3 — Intensif Build","MANUAL 🖐️",""
"10-M7 — Setup Grafana monitoring","To do","2026-06-19",10,"Fase 3 — Intensif Build","MANUAL 🖐️",""
"10-M8 — Test caching: analisis URL sama 2x, apakah 2x lebih cepat?","To do","2026-06-19",10,"Fase 3 — Intensif Build","MANUAL 🖐️",""
"10-M9 — Dokumentasikan semua angka benchmark di BENCHMARK.md","To do","2026-06-19",10,"Fase 3 — Intensif Build","MANUAL 🖐️",""
"10-M10 — Push update + tag v0.2.0","To do","2026-06-19",10,"Fase 3 — Intensif Build","MANUAL 🖐️",""
"[HARI 11] Polish UI + Mobile Responsiveness","To do","2026-06-20",11,"Fase 3 — Intensif Build","",""
"11-P1 — Generate responsive CSS semua komponen FallacyChecker","To do","2026-06-20",11,"Fase 3 — Intensif Build","PROMPTING 🤖",""
"11-P2 — Generate mobile-optimized layout /fallacy page","To do","2026-06-20",11,"Fase 3 — Intensif Build","PROMPTING 🤖",""
"11-P3 — Generate PWA manifest: FallacyChecker bisa di-install di mobile","To do","2026-06-20",11,"Fase 3 — Intensif Build","PROMPTING 🤖",""
"11-P4 — Generate service worker offline capability","To do","2026-06-20",11,"Fase 3 — Intensif Build","PROMPTING 🤖 | Cache hasil analisis",""
"11-P5 — Generate animasi micro-interaction fallacy card","To do","2026-06-20",11,"Fase 3 — Intensif Build","PROMPTING 🤖",""
"11-P6 — Generate empty state: ilustrasi saat belum ada analisis","To do","2026-06-20",11,"Fase 3 — Intensif Build","PROMPTING 🤖",""
"11-P7 — Generate onboarding tour: highlight fitur utama user baru","To do","2026-06-20",11,"Fase 3 — Intensif Build","PROMPTING 🤖",""
"11-P8 — Generate skeleton loading yang lebih polished","To do","2026-06-20",11,"Fase 3 — Intensif Build","PROMPTING 🤖",""
"11-P9 — Generate dark/light mode toggle","To do","2026-06-20",11,"Fase 3 — Intensif Build","PROMPTING 🤖",""
"11-P10 — Generate Fakta Menarik: statistik fallacy yang engaging","To do","2026-06-20",11,"Fase 3 — Intensif Build","PROMPTING 🤖",""
"11-P11 — Generate 404 dan error page on-brand Revonalar","To do","2026-06-20",11,"Fase 3 — Intensif Build","PROMPTING 🤖",""
"11-P12 — Generate print/export PDF hasil analisis","To do","2026-06-20",11,"Fase 3 — Intensif Build","PROMPTING 🤖",""
"11-P13 — Generate accessibility: ARIA labels, keyboard navigation","To do","2026-06-20",11,"Fase 3 — Intensif Build","PROMPTING 🤖",""
"11-P14 — Generate SEO meta tags halaman /fallacy","To do","2026-06-20",11,"Fase 3 — Intensif Build","PROMPTING 🤖",""
"11-P15 — Generate Open Graph image generator untuk share sosmed","To do","2026-06-20",11,"Fase 3 — Intensif Build","PROMPTING 🤖",""
"11-M1 — Review semua halaman di mobile (iPhone + Android)","To do","2026-06-20",11,"Fase 3 — Intensif Build","MANUAL 🖐️",""
"11-M2 — Test PWA installation di Android","To do","2026-06-20",11,"Fase 3 — Intensif Build","MANUAL 🖐️",""
"11-M3 — Verifikasi animasi berjalan smooth","To do","2026-06-20",11,"Fase 3 — Intensif Build","MANUAL 🖐️",""
"11-M4 — Test dark mode: semua elemen terbaca?","To do","2026-06-20",11,"Fase 3 — Intensif Build","MANUAL 🖐️",""
"11-M5 — Jalankan Lighthouse audit, catat skor performance","To do","2026-06-20",11,"Fase 3 — Intensif Build","MANUAL 🖐️",""
"11-M6 — Test export PDF: layout rapi?","To do","2026-06-20",11,"Fase 3 — Intensif Build","MANUAL 🖐️",""
"11-M7 — Test accessibility dengan screen reader","To do","2026-06-20",11,"Fase 3 — Intensif Build","MANUAL 🖐️",""
"11-M8 — Review UX: flow terasa natural?","To do","2026-06-20",11,"Fase 3 — Intensif Build","MANUAL 🖐️",""
"11-M9 — Minta 3 orang test, catat feedback","To do","2026-06-20",11,"Fase 3 — Intensif Build","MANUAL 🖐️",""
"11-M10 — List semua polish items untuk fase berikutnya","To do","2026-06-20",11,"Fase 3 — Intensif Build","MANUAL 🖐️",""
"[HARI 12] Demo Video Preparation","To do","2026-06-21",12,"Fase 4 — Sprint","",""
"12-P1 — Generate storyboard demo video scene by scene 3 menit","To do","2026-06-21",12,"Fase 4 — Sprint","PROMPTING 🤖",""
"12-P2 — Generate script narasi demo video (Bahasa Inggris)","To do","2026-06-21",12,"Fase 4 — Sprint","PROMPTING 🤖",""
"12-P3 — Generate talking points: 5 angka kunci untuk demo","To do","2026-06-21",12,"Fase 4 — Sprint","PROMPTING 🤖",""
"12-P4 — Generate Live Counter component: fallacy real-time","To do","2026-06-21",12,"Fase 4 — Sprint","PROMPTING 🤖",""
"12-P5 — Generate WOW moment screen: 1000 fallacy di RAG","To do","2026-06-21",12,"Fase 4 — Sprint","PROMPTING 🤖",""
"12-P6 — Generate komponen khusus demo (lebih dramatis dari produksi)","To do","2026-06-21",12,"Fase 4 — Sprint","PROMPTING 🤖",""
"12-P7 — Generate script setup: reset state sebelum rekam ulang","To do","2026-06-21",12,"Fase 4 — Sprint","PROMPTING 🤖",""
"12-P8 — Generate caption/subtitle template video demo","To do","2026-06-21",12,"Fase 4 — Sprint","PROMPTING 🤖",""
"12-P9 — Generate thumbnail design brief (Canva/Figma)","To do","2026-06-21",12,"Fase 4 — Sprint","PROMPTING 🤖",""
"12-P10 — Generate fallback plan jika live demo gagal","To do","2026-06-21",12,"Fase 4 — Sprint","PROMPTING 🤖",""
"12-P11 — Generate script narasi scene kenapa AMD","To do","2026-06-21",12,"Fase 4 — Sprint","PROMPTING 🤖",""
"12-P12 — Generate lower-third graphics brief","To do","2026-06-21",12,"Fase 4 — Sprint","PROMPTING 🤖",""
"12-P13 — Generate end card CTA: Coba di Revonalar sekarang","To do","2026-06-21",12,"Fase 4 — Sprint","PROMPTING 🤖",""
"12-P14 — Generate checklist pre-demo","To do","2026-06-21",12,"Fase 4 — Sprint","PROMPTING 🤖",""
"12-P15 — Generate daftar sound bytes untuk juri","To do","2026-06-21",12,"Fase 4 — Sprint","PROMPTING 🤖",""
"12-P16 — Generate AMD MI300X powered badge animasi untuk video overlay","To do","2026-06-21",12,"Fase 4 — Sprint","PROMPTING 🤖",""
"12-P17 — Generate data viz: graph performa AMD","To do","2026-06-21",12,"Fase 4 — Sprint","PROMPTING 🤖",""
"12-P18 — Generate script Python: load test visual untuk demo","To do","2026-06-21",12,"Fase 4 — Sprint","PROMPTING 🤖",""
"12-P19 — Generate subtitle/caption video (SRT format)","To do","2026-06-21",12,"Fase 4 — Sprint","PROMPTING 🤖",""
"12-M1 — Pilih video YouTube Indonesia untuk scene utama demo","To do","2026-06-21",12,"Fase 4 — Sprint","MANUAL 🖐️",""
"12-M2 — Rekam dry run pertama demo video","To do","2026-06-21",12,"Fase 4 — Sprint","MANUAL 🖐️",""
"12-M3 — Review dry run: catat bagian kurang wow","To do","2026-06-21",12,"Fase 4 — Sprint","MANUAL 🖐️",""
"12-M4 — Test koneksi internet: tidak lag saat rekam","To do","2026-06-21",12,"Fase 4 — Sprint","MANUAL 🖐️",""
"12-M5 — Pilih musik background bebas royalti","To do","2026-06-21",12,"Fase 4 — Sprint","MANUAL 🖐️",""
"12-M6 — Setup screen recording software (OBS atau Loom)","To do","2026-06-21",12,"Fase 4 — Sprint","MANUAL 🖐️",""
"12-M7 — Atur resolusi 1920x1080 untuk recording clean","To do","2026-06-21",12,"Fase 4 — Sprint","MANUAL 🖐️",""
"12-M8 — Rekam footage: AMD Dashboard proof of GPU usage","To do","2026-06-21",12,"Fase 4 — Sprint","MANUAL 🖐️",""
"12-M9 — Test semua scene demo end-to-end tanpa henti","To do","2026-06-21",12,"Fase 4 — Sprint","MANUAL 🖐️",""
"12-M10 — Catat timing tiap scene (total 2-3 menit)","To do","2026-06-21",12,"Fase 4 — Sprint","MANUAL 🖐️",""
"12-M11 — Rekam dry run kedua, bandingkan dengan pertama","To do","2026-06-21",12,"Fase 4 — Sprint","MANUAL 🖐️",""
"[HARI 13] Slide Deck Pitching","To do","2026-06-22",13,"Fase 4 — Sprint","",""
"13-P1 — Generate outline slide deck: 12 slide 1 pesan utama","To do","2026-06-22",13,"Fase 4 — Sprint","PROMPTING 🤖",""
"13-P2-12 — Generate konten Slide 1-12","To do","2026-06-22",13,"Fase 4 — Sprint","PROMPTING 🤖 | Problem, Solution, Demo, Arsitektur AMD, Benchmark, Revonalar, Traction, Network Effect, Biz Model, Roadmap, CTA",""
"13-P13 — Generate speaker notes tiap slide","To do","2026-06-22",13,"Fase 4 — Sprint","PROMPTING 🤖",""
"13-P14 — Generate versi ringkas 5 slide (pitch 2 menit)","To do","2026-06-22",13,"Fase 4 — Sprint","PROMPTING 🤖",""
"13-P15 — Generate quote-worthy one-liner tiap slide","To do","2026-06-22",13,"Fase 4 — Sprint","PROMPTING 🤖",""
"13-P16 — Generate desain brief: warna, font, style Revonalar","To do","2026-06-22",13,"Fase 4 — Sprint","PROMPTING 🤖",""
"13-P17 — Generate infographic: journey konten YouTube → Fallacy Report","To do","2026-06-22",13,"Fase 4 — Sprint","PROMPTING 🤖",""
"13-P18 — Generate diagram: cara kerja RAG memori kolektif","To do","2026-06-22",13,"Fase 4 — Sprint","PROMPTING 🤖",""
"13-P19 — Generate FAQ: 10 pertanyaan juri + jawaban","To do","2026-06-22",13,"Fase 4 — Sprint","PROMPTING 🤖",""
"13-P20 — Generate jawaban: Kenapa tidak pakai OpenAI API?","To do","2026-06-22",13,"Fase 4 — Sprint","PROMPTING 🤖",""
"13-P21 — Generate jawaban: Bagaimana monetisasinya?","To do","2026-06-22",13,"Fase 4 — Sprint","PROMPTING 🤖",""
"13-P22 — Generate jawaban: Apa yang membedakan dari fact-checker lain?","To do","2026-06-22",13,"Fase 4 — Sprint","PROMPTING 🤖",""
"13-P23 — Generate checklist submission lablab.ai","To do","2026-06-22",13,"Fase 4 — Sprint","PROMPTING 🤖",""
"13-M1 — Review semua konten slide","To do","2026-06-22",13,"Fase 4 — Sprint","MANUAL 🖐️",""
"13-M2 — Buat slide deck di Canva/Google Slides berdasarkan brief","To do","2026-06-22",13,"Fase 4 — Sprint","MANUAL 🖐️",""
"13-M3 — Masukkan angka benchmark nyata ke slide","To do","2026-06-22",13,"Fase 4 — Sprint","MANUAL 🖐️",""
"13-M4 — Masukkan screenshot produk paling impressive","To do","2026-06-22",13,"Fase 4 — Sprint","MANUAL 🖐️",""
"13-M5 — Review dari perspektif juri non-teknis","To do","2026-06-22",13,"Fase 4 — Sprint","MANUAL 🖐️",""
"13-M6 — Review dari perspektif juri teknis AMD","To do","2026-06-22",13,"Fase 4 — Sprint","MANUAL 🖐️",""
"[HARI 14] Batch Processing & Demo Masif","To do","2026-06-23",14,"Fase 4 — Sprint","",""
"14-P1 — Generate endpoint POST /analyze/batch: proses paralel","To do","2026-06-23",14,"Fase 4 — Sprint","PROMPTING 🤖",""
"14-P2 — Generate job queue system (Celery atau ARQ)","To do","2026-06-23",14,"Fase 4 — Sprint","PROMPTING 🤖",""
"14-P3 — Generate progress tracker batch job: X dari 100 selesai","To do","2026-06-23",14,"Fase 4 — Sprint","PROMPTING 🤖",""
"14-P4 — Generate UI: halaman /fallacy/batch upload banyak URL","To do","2026-06-23",14,"Fase 4 — Sprint","PROMPTING 🤖",""
"14-P5 — Generate dashboard ringkasan hasil batch","To do","2026-06-23",14,"Fase 4 — Sprint","PROMPTING 🤖",""
"14-P6 — Generate export batch result: CSV + JSON","To do","2026-06-23",14,"Fase 4 — Sprint","PROMPTING 🤖",""
"14-P7 — Generate script: 100 video YouTube < 30 detik (demo killer)","To do","2026-06-23",14,"Fase 4 — Sprint","PROMPTING 🤖",""
"14-P8 — Generate visualisasi batch: heatmap fallacy per video","To do","2026-06-23",14,"Fase 4 — Sprint","PROMPTING 🤖",""
"14-P9 — Generate Playlist Analyzer","To do","2026-06-23",14,"Fase 4 — Sprint","PROMPTING 🤖 | Analisis semua video dalam 1 playlist",""
"14-P10 — Generate benchmark batch: waktu vs CPU","To do","2026-06-23",14,"Fase 4 — Sprint","PROMPTING 🤖",""
"14-P11 — Generate laporan otomatis setelah batch selesai","To do","2026-06-23",14,"Fase 4 — Sprint","PROMPTING 🤖",""
"14-P12 — Generate notifikasi email/in-app saat batch selesai","To do","2026-06-23",14,"Fase 4 — Sprint","PROMPTING 🤖",""
"14-P13 — Generate trending fallacy: fallacy terbanyak minggu ini","To do","2026-06-23",14,"Fase 4 — Sprint","PROMPTING 🤖",""
"14-P14 — Generate global stats counter animasi landing page","To do","2026-06-23",14,"Fase 4 — Sprint","PROMPTING 🤖",""
"14-P15 — Generate channel analyzer: pattern fallacy 1 channel YouTube","To do","2026-06-23",14,"Fase 4 — Sprint","PROMPTING 🤖",""
"14-P16 — Generate webhook notifikasi Discord/Slack saat batch selesai","To do","2026-06-23",14,"Fase 4 — Sprint","PROMPTING 🤖",""
"14-P17 — Generate API rate limiting","To do","2026-06-23",14,"Fase 4 — Sprint","PROMPTING 🤖",""
"14-P18 — Generate cost optimization: caching video yang sama","To do","2026-06-23",14,"Fase 4 — Sprint","PROMPTING 🤖",""
"14-P19 — Generate free tier logic: 5 analisis/hari untuk non-premium","To do","2026-06-23",14,"Fase 4 — Sprint","PROMPTING 🤖",""
"14-P20 — Generate upgrade prompt saat user habis kuota free","To do","2026-06-23",14,"Fase 4 — Sprint","PROMPTING 🤖",""
"14-M1 — Test batch processing dengan 10 URL","To do","2026-06-23",14,"Fase 4 — Sprint","MANUAL 🖐️",""
"14-M2 — Scale ke 50 URL: sistem stable?","To do","2026-06-23",14,"Fase 4 — Sprint","MANUAL 🖐️",""
"14-M3 — Scale ke 100 URL: catat waktu total","To do","2026-06-23",14,"Fase 4 — Sprint","MANUAL 🖐️",""
"14-M4 — Monitor GPU saat batch 100 URL (screenshot untuk slide)","To do","2026-06-23",14,"Fase 4 — Sprint","MANUAL 🖐️",""
"14-M5 — Test playlist YouTube: analisis 1 playlist penuh","To do","2026-06-23",14,"Fase 4 — Sprint","MANUAL 🖐️",""
"14-M6 — Rekam footage batch processing untuk demo video","To do","2026-06-23",14,"Fase 4 — Sprint","MANUAL 🖐️",""
"14-M7 — Verifikasi cost: AMD credits untuk 100 video?","To do","2026-06-23",14,"Fase 4 — Sprint","MANUAL 🖐️",""
"14-M8 — Test free tier vs premium tier","To do","2026-06-23",14,"Fase 4 — Sprint","MANUAL 🖐️",""
"14-M9 — Push semua update + dokumentasikan batch benchmark","To do","2026-06-23",14,"Fase 4 — Sprint","MANUAL 🖐️",""
"[HARI 15] Revonalar Deep Integration","To do","2026-06-24",15,"Fase 4 — Sprint","",""
"15-P1 — Generate course baru: Kenali Logical Fallacy 5 chapter","To do","2026-06-24",15,"Fase 4 — Sprint","PROMPTING 🤖",""
"15-P2 — Generate soal TrapEngine dari fallacy komunitas","To do","2026-06-24",15,"Fase 4 — Sprint","PROMPTING 🤖",""
"15-P3 — Generate sistem: fallacy komunitas → soal TrapEngine otomatis","To do","2026-06-24",15,"Fase 4 — Sprint","PROMPTING 🤖",""
"15-P4 — Generate Mindmap: 25 jenis fallacy dengan contoh","To do","2026-06-24",15,"Fase 4 — Sprint","PROMPTING 🤖",""
"15-P5 — Generate koneksi Mindmap → /fallacy: klik node → contoh real","To do","2026-06-24",15,"Fase 4 — Sprint","PROMPTING 🤖",""
"15-P6 — Generate Daily Challenge: analisis 1 konten/hari dapat Diamond","To do","2026-06-24",15,"Fase 4 — Sprint","PROMPTING 🤖",""
"15-P7 — Generate streak system harian FallacyChecker","To do","2026-06-24",15,"Fase 4 — Sprint","PROMPTING 🤖",""
"15-P8 — Generate level progression: Pemula Logika → Master Argumen","To do","2026-06-24",15,"Fase 4 — Sprint","PROMPTING 🤖",""
"15-P9 — Generate 5 maskot baru tema logical fallacy","To do","2026-06-24",15,"Fase 4 — Sprint","PROMPTING 🤖",""
"15-P10 — Generate trophy baru: Temukan Strawman, 100 Analisis","To do","2026-06-24",15,"Fase 4 — Sprint","PROMPTING 🤖",""
"15-P11 — Generate feed sosmed: post otomatis saat temukan fallacy langka","To do","2026-06-24",15,"Fase 4 — Sprint","PROMPTING 🤖",""
"15-P12 — Generate weekly report user: minggu ini temukan X fallacy","To do","2026-06-24",15,"Fase 4 — Sprint","PROMPTING 🤖",""
"15-P13 — Generate leaderboard FallacyChecker bulan ini","To do","2026-06-24",15,"Fase 4 — Sprint","PROMPTING 🤖",""
"15-P14 — Generate Hall of Fame: analisis paling banyak di-share","To do","2026-06-24",15,"Fase 4 — Sprint","PROMPTING 🤖",""
"15-P15 — Generate notifikasi push PWA: video viral baru perlu dicek","To do","2026-06-24",15,"Fase 4 — Sprint","PROMPTING 🤖",""
"15-P16 — Generate integrasi inbox: notifikasi konten yang dianalisis dapat komentar","To do","2026-06-24",15,"Fase 4 — Sprint","PROMPTING 🤖",""
"15-P17 — Generate Collaborative Analysis: dua user analisis konten sama","To do","2026-06-24",15,"Fase 4 — Sprint","PROMPTING 🤖",""
"15-P18 — Generate Expert Badge: badge user yang feedback-nya paling akurat","To do","2026-06-24",15,"Fase 4 — Sprint","PROMPTING 🤖",""
"15-P19 — Generate class/group feature: guru assign konten untuk murid","To do","2026-06-24",15,"Fase 4 — Sprint","PROMPTING 🤖",""
"15-M1 — Test course baru: lesson flow logis?","To do","2026-06-24",15,"Fase 4 — Sprint","MANUAL 🖐️",""
"15-M2 — Verifikasi TrapEngine soal dari data komunitas","To do","2026-06-24",15,"Fase 4 — Sprint","MANUAL 🖐️",""
"15-M3 — Test Mindmap: 25 node terhubung benar?","To do","2026-06-24",15,"Fase 4 — Sprint","MANUAL 🖐️",""
"15-M4 — Test Daily Challenge + Diamond reward","To do","2026-06-24",15,"Fase 4 — Sprint","MANUAL 🖐️",""
"15-M5 — Verifikasi streak system bekerja","To do","2026-06-24",15,"Fase 4 — Sprint","MANUAL 🖐️",""
"15-M6 — Review maskot baru: desain konsisten?","To do","2026-06-24",15,"Fase 4 — Sprint","MANUAL 🖐️",""
"15-M7 — Test trophy unlock: muncul di profil user?","To do","2026-06-24",15,"Fase 4 — Sprint","MANUAL 🖐️",""
"15-M8 — Test feed sosmed: post auto-generate bagus?","To do","2026-06-24",15,"Fase 4 — Sprint","MANUAL 🖐️",""
"15-M9 — Test collaborative analysis feature","To do","2026-06-24",15,"Fase 4 — Sprint","MANUAL 🖐️",""
"15-M10 — Test class feature: buat class dummy, assign konten","To do","2026-06-24",15,"Fase 4 — Sprint","MANUAL 🖐️",""
"15-M11 — Push update + screenshot semua fitur baru untuk slide","To do","2026-06-24",15,"Fase 4 — Sprint","MANUAL 🖐️",""
"[HARI 16] UMKM & RevoPay Integration","To do","2026-06-25",16,"Fase 4 — Sprint","",""
"16-P1-10 — Generate UMKM/RevoPay: placement, UmkmBanner, sponsored analysis, pricing, Diamond earning/spending, subsidi, dashboard, impact report","To do","2026-06-25",16,"Fase 4 — Sprint","PROMPTING 🤖 | 10 tugas prompting UMKM & monetisasi",""
"16-P11-20 — Generate wallet, referral, invoice, laporan keuangan, compliance, ToS, privacy, safe harbor, report error, moderation","To do","2026-06-25",16,"Fase 4 — Sprint","PROMPTING 🤖 | 10 tugas prompting lanjutan",""
"16-P21-29 — Generate auto-moderation, audit log, dan komponen terkait","To do","2026-06-25",16,"Fase 4 — Sprint","PROMPTING 🤖 | Tugas prompting sisa",""
"16-M1 — Review model bisnis: sustainable?","To do","2026-06-25",16,"Fase 4 — Sprint","MANUAL 🖐️",""
"16-M2 — Test RevoPay flow end-to-end","To do","2026-06-25",16,"Fase 4 — Sprint","MANUAL 🖐️",""
"16-M3 — Verifikasi Diamond earning masuk wallet user","To do","2026-06-25",16,"Fase 4 — Sprint","MANUAL 🖐️",""
"16-M4 — Test referral link generation dan tracking","To do","2026-06-25",16,"Fase 4 — Sprint","MANUAL 🖐️",""
"16-M5 — Review legal: risiko analisis konten milik orang lain?","To do","2026-06-25",16,"Fase 4 — Sprint","MANUAL 🖐️",""
"16-M6 — Test report error flow","To do","2026-06-25",16,"Fase 4 — Sprint","MANUAL 🖐️",""
"16-M7 — Test auto-moderation dengan edge case","To do","2026-06-25",16,"Fase 4 — Sprint","MANUAL 🖐️",""
"16-M8 — Push semua update","To do","2026-06-25",16,"Fase 4 — Sprint","MANUAL 🖐️",""
"[HARI 17] Public Landing Page & SEO","To do","2026-06-26",17,"Fase 4 — Sprint","",""
"17-P1-15 — Generate landing page, hero, how it works, live demo embed, social proof, pricing table, testimonial, FAQ, footer, 3 blog posts, sitemap, structured data, meta description","To do","2026-06-26",17,"Fase 4 — Sprint","PROMPTING 🤖 | 15 tugas prompting landing & SEO",""
"17-P16-30 — Generate OG image, email capture, A/B test, heatmap, press kit, Product Hunt draft, HF Space deploy, social caption","To do","2026-06-26",17,"Fase 4 — Sprint","PROMPTING 🤖 | Tugas prompting lanjutan",""
"17-M1 — Review landing page: value prop jelas dalam 5 detik?","To do","2026-06-26",17,"Fase 4 — Sprint","MANUAL 🖐️",""
"17-M2 — Test live demo tanpa login","To do","2026-06-26",17,"Fase 4 — Sprint","MANUAL 🖐️",""
"17-M3 — Test landing page di mobile","To do","2026-06-26",17,"Fase 4 — Sprint","MANUAL 🖐️",""
"17-M4 — Setup Cloudflare Analytics","To do","2026-06-26",17,"Fase 4 — Sprint","MANUAL 🖐️",""
"17-M5 — Submit sitemap ke Google Search Console","To do","2026-06-26",17,"Fase 4 — Sprint","MANUAL 🖐️",""
"17-M6 — Deploy dan test Hugging Face Space","To do","2026-06-26",17,"Fase 4 — Sprint","MANUAL 🖐️",""
"17-M7 — Share HF Space ke komunitas (kumpulkan likes)","To do","2026-06-26",17,"Fase 4 — Sprint","MANUAL 🖐️",""
"[HARI 18] Bug Hunt & Stabilitas","To do","2026-06-27",18,"Fase 4 — Sprint","",""
"18-P1-10 — Generate test suite lengkap: API, E2E, edge case, rate limiting, concurrent, monitoring, error logging, graceful degradation, retry, health check","To do","2026-06-27",18,"Fase 4 — Sprint","PROMPTING 🤖",""
"18-P11-20 — Generate fix, regression test, changelog, release notes, error boundary, offline detection, auto-save, DB backup, security audit","To do","2026-06-27",18,"Fase 4 — Sprint","PROMPTING 🤖",""
"18-M1 — Jalankan semua test: catat yang fail","To do","2026-06-27",18,"Fase 4 — Sprint","MANUAL 🖐️",""
"18-M2 — Fix 5 bug teratas","To do","2026-06-27",18,"Fase 4 — Sprint","MANUAL 🖐️",""
"18-M3 — Test edge case: YouTube video privat, teks kosong, audio rusak","To do","2026-06-27",18,"Fase 4 — Sprint","MANUAL 🖐️",""
"18-M4 — Test dengan koneksi lambat (throttle DevTools)","To do","2026-06-27",18,"Fase 4 — Sprint","MANUAL 🖐️",""
"18-M5 — Test fallback mode: matikan AMD backend","To do","2026-06-27",18,"Fase 4 — Sprint","MANUAL 🖐️",""
"18-M6 — Load test ulang setelah fix","To do","2026-06-27",18,"Fase 4 — Sprint","MANUAL 🖐️",""
"18-M7 — Review error message: user-friendly?","To do","2026-06-27",18,"Fase 4 — Sprint","MANUAL 🖐️",""
"18-M8 — Test offline: koneksi putus saat analisis berjalan?","To do","2026-06-27",18,"Fase 4 — Sprint","MANUAL 🖐️",""
"18-M9 — Verifikasi auto-save bekerja","To do","2026-06-27",18,"Fase 4 — Sprint","MANUAL 🖐️",""
"18-M10 — Setup automated backup Supabase","To do","2026-06-27",18,"Fase 4 — Sprint","MANUAL 🖐️",""
"18-M11 — Jalankan security audit manual, catat temuan","To do","2026-06-27",18,"Fase 4 — Sprint","MANUAL 🖐️",""
"[HARI 19] Demo Video — Rekam Final","To do","2026-06-28",19,"Fase 4 — Sprint","",""
"19-P1 — Generate shot list final: tiap detik dari 180 detik","To do","2026-06-28",19,"Fase 4 — Sprint","PROMPTING 🤖",""
"19-P2 — Generate script narasi final (Inggris, energetik, confident)","To do","2026-06-28",19,"Fase 4 — Sprint","PROMPTING 🤖",""
"19-P3 — Generate B-roll list: footage tambahan","To do","2026-06-28",19,"Fase 4 — Sprint","PROMPTING 🤖",""
"19-P4 — Generate transition brief untuk video editor","To do","2026-06-28",19,"Fase 4 — Sprint","PROMPTING 🤖",""
"19-P5 — Generate caption teks tiap scene (Bahasa Inggris)","To do","2026-06-28",19,"Fase 4 — Sprint","PROMPTING 🤖",""
"19-P6 — Generate thumbnail video: desain click-worthy","To do","2026-06-28",19,"Fase 4 — Sprint","PROMPTING 🤖",""
"19-P7 — Generate deskripsi YouTube SEO-optimized","To do","2026-06-28",19,"Fase 4 — Sprint","PROMPTING 🤖",""
"19-P8 — Generate revisi berdasarkan feedback","To do","2026-06-28",19,"Fase 4 — Sprint","PROMPTING 🤖",""
"19-P9 — Generate tweet thread untuk announce video","To do","2026-06-28",19,"Fase 4 — Sprint","PROMPTING 🤖",""
"19-P10 — Generate LinkedIn post untuk announce project","To do","2026-06-28",19,"Fase 4 — Sprint","PROMPTING 🤖",""
"19-M1 — Setup recording environment: desktop clean, font besar","To do","2026-06-28",19,"Fase 4 — Sprint","MANUAL 🖐️",""
"19-M2 — Rekam Scene 1: hook statistik misinformasi (15 detik)","To do","2026-06-28",19,"Fase 4 — Sprint","MANUAL 🖐️",""
"19-M3 — Rekam Scene 2: demo web app paste teks (30 detik)","To do","2026-06-28",19,"Fase 4 — Sprint","MANUAL 🖐️",""
"19-M4 — Rekam Scene 3: demo URL artikel berita (20 detik)","To do","2026-06-28",19,"Fase 4 — Sprint","MANUAL 🖐️",""
"19-M5 — Rekam Scene 4: demo YouTube URL + timeline (30 detik)","To do","2026-06-28",19,"Fase 4 — Sprint","MANUAL 🖐️",""
"19-M6 — Rekam Scene 5: Chrome extension side panel real-time (30 detik)","To do","2026-06-28",19,"Fase 4 — Sprint","MANUAL 🖐️",""
"19-M7 — Rekam Scene 6: RAG memori kolektif (15 detik)","To do","2026-06-28",19,"Fase 4 — Sprint","MANUAL 🖐️",""
"19-M8 — Rekam Scene 7: Revonalar ecosystem gamifikasi (20 detik)","To do","2026-06-28",19,"Fase 4 — Sprint","MANUAL 🖐️",""
"19-M9 — Rekam Scene 8: AMD Dashboard GPU utilization (10 detik)","To do","2026-06-28",19,"Fase 4 — Sprint","MANUAL 🖐️",""
"19-M10 — Review footage: ada yang perlu direkam ulang?","To do","2026-06-28",19,"Fase 4 — Sprint","MANUAL 🖐️",""
"19-M11 — Edit video: gabungkan scene, tambah musik + caption","To do","2026-06-28",19,"Fase 4 — Sprint","MANUAL 🖐️",""
"19-M12 — Export video 1080p max 5 menit","To do","2026-06-28",19,"Fase 4 — Sprint","MANUAL 🖐️",""
"19-M13 — Review final video: alur logis dan exciting?","To do","2026-06-28",19,"Fase 4 — Sprint","MANUAL 🖐️",""
"19-M14 — Buat thumbnail di Canva","To do","2026-06-28",19,"Fase 4 — Sprint","MANUAL 🖐️",""
"19-M15 — Upload video ke YouTube unlisted","To do","2026-06-28",19,"Fase 4 — Sprint","MANUAL 🖐️",""
"19-M16 — Minta 2-3 orang tonton, catat feedback","To do","2026-06-28",19,"Fase 4 — Sprint","MANUAL 🖐️",""
"19-M17 — Push semua update + tag v1.0.0 di GitHub","To do","2026-06-28",19,"Fase 4 — Sprint","MANUAL 🖐️",""
"[HARI 20] Submission Preparation","To do","2026-06-29",20,"Fase 4 — Sprint","",""
"20-P1-10 — Generate: deskripsi singkat + panjang lablab.ai, daftar teknologi, README final, CONTRIBUTING, LICENSE, ARCHITECTURE, installation guide, API docs, CHANGELOG","To do","2026-06-29",20,"Fase 4 — Sprint","PROMPTING 🤖",""
"20-P11-20 — Generate: HF Space description, cover image brief, checklist submission, Build in Public tweet x2, LinkedIn post, Medium article draft, open-source announcement","To do","2026-06-29",20,"Fase 4 — Sprint","PROMPTING 🤖",""
"20-M1 — Review GitHub repo: terlihat profesional?","To do","2026-06-29",20,"Fase 4 — Sprint","MANUAL 🖐️",""
"20-M2 — Pastikan semua file penting ada di repo","To do","2026-06-29",20,"Fase 4 — Sprint","MANUAL 🖐️",""
"20-M3 — Update HF Space dengan versi terbaru","To do","2026-06-29",20,"Fase 4 — Sprint","MANUAL 🖐️",""
"20-M4 — Share HF Space ke semua channel: kumpulkan likes","To do","2026-06-29",20,"Fase 4 — Sprint","MANUAL 🖐️",""
"20-M5 — Buat cover image di Canva (1200x630px)","To do","2026-06-29",20,"Fase 4 — Sprint","MANUAL 🖐️",""
"20-M6 — Upload cover image, video, slide ke lablab.ai draft","To do","2026-06-29",20,"Fase 4 — Sprint","MANUAL 🖐️","https://lablab.ai"
"20-M7 — Verifikasi semua link submission bekerja","To do","2026-06-29",20,"Fase 4 — Sprint","MANUAL 🖐️",""
"20-M8 — Post Build in Public x2 di X: tag @lablab dan @AIatAMD","To do","2026-06-29",20,"Fase 4 — Sprint","MANUAL 🖐️",""
"20-M9 — Post di LinkedIn","To do","2026-06-29",20,"Fase 4 — Sprint","MANUAL 🖐️",""
"20-M10 — Submit draft ke lablab.ai (belum final)","To do","2026-06-29",20,"Fase 4 — Sprint","MANUAL 🖐️",""
"[HARI 21] Final Polish & Submit","To do","2026-06-30",21,"Fase 4 — Sprint","",""
"21-P1 — Generate final proofreading semua teks submission","To do","2026-06-30",21,"Fase 4 — Sprint","PROMPTING 🤖",""
"21-P2 — Generate spell/grammar check untuk konten Bahasa Inggris","To do","2026-06-30",21,"Fase 4 — Sprint","PROMPTING 🤖",""
"21-P3 — Generate updated demo script berdasarkan feedback","To do","2026-06-30",21,"Fase 4 — Sprint","PROMPTING 🤖",""
"21-P4 — Generate thank you post untuk komunitas yang bantu testing","To do","2026-06-30",21,"Fase 4 — Sprint","PROMPTING 🤖",""
"21-P5 — Generate post-submission social media announcement","To do","2026-06-30",21,"Fase 4 — Sprint","PROMPTING 🤖",""
"21-P6 — Generate email draft reach out juri (Joseph Spence, Rahul Gupta)","To do","2026-06-30",21,"Fase 4 — Sprint","PROMPTING 🤖",""
"21-M1 — Review submission di lablab.ai dari perspektif juri","To do","2026-06-30",21,"Fase 4 — Sprint","MANUAL 🖐️",""
"21-M2 — Perbaiki typo atau kalimat tidak jelas","To do","2026-06-30",21,"Fase 4 — Sprint","MANUAL 🖐️",""
"21-M3 — Final test semua URL yang di-submit","To do","2026-06-30",21,"Fase 4 — Sprint","MANUAL 🖐️",""
"21-M4 — Final test Hugging Face Space","To do","2026-06-30",21,"Fase 4 — Sprint","MANUAL 🖐️",""
"21-M5 — Final test GitHub repo: clone dari awal, ikuti README","To do","2026-06-30",21,"Fase 4 — Sprint","MANUAL 🖐️",""
"21-M6 — SUBMIT FINAL ke lablab.ai ✅","To do","2026-06-30",21,"Fase 4 — Sprint","MANUAL 🖐️ | MILESTONE UTAMA","https://lablab.ai"
"21-M7 — Screenshot konfirmasi submission","To do","2026-06-30",21,"Fase 4 — Sprint","MANUAL 🖐️",""
"21-M8 — Post di semua channel: X, LinkedIn, Discord lablab.ai","To do","2026-06-30",21,"Fase 4 — Sprint","MANUAL 🖐️",""
"21-M9 — Connect dengan juri di LinkedIn dengan pesan personal","To do","2026-06-30",21,"Fase 4 — Sprint","MANUAL 🖐️",""
"[HARI 22] Presentasi & Public Engagement","To do","2026-07-01",22,"Fase 5 — Post-submission","",""
"22-P1-15 — Generate pitch deck lisan, pembukaan, transisi, demo live script, Q&A 20 pertanyaan, backup slides, executive summary, investor one-pager, press release, roadmap 6 bulan, competitive analysis, GTM strategy, user acquisition, community building","To do","2026-07-01",22,"Fase 5 — Post-submission","PROMPTING 🤖 | 15 tugas prompting presentasi & strategi",""
"22-M1 — Latihan pitch 3 menit: rekam, tonton, perbaiki","To do","2026-07-01",22,"Fase 5 — Post-submission","MANUAL 🖐️",""
"22-M2 — Latihan Q&A dengan simulasi pertanyaan juri","To do","2026-07-01",22,"Fase 5 — Post-submission","MANUAL 🖐️",""
"22-M3 — Setup backup internet (hotspot) untuk hari presentasi","To do","2026-07-01",22,"Fase 5 — Post-submission","MANUAL 🖐️",""
"22-M4 — Verifikasi jadwal presentasi dari lablab.ai","To do","2026-07-01",22,"Fase 5 — Post-submission","MANUAL 🖐️",""
"22-M5 — Join Discord lablab.ai: engage komunitas, vote proyek lain","To do","2026-07-01",22,"Fase 5 — Post-submission","MANUAL 🖐️",""
"22-M6 — Share HF Space ke forum AI Indonesia","To do","2026-07-01",22,"Fase 5 — Post-submission","MANUAL 🖐️",""
"22-M7 — Post di Reddit r/indonesia tentang proyek","To do","2026-07-01",22,"Fase 5 — Post-submission","MANUAL 🖐️",""
"22-M8 — Reach out ke komunitas debat/logika Indonesia","To do","2026-07-01",22,"Fase 5 — Post-submission","MANUAL 🖐️",""
"22-M9 — Dokumentasikan semua feedback","To do","2026-07-01",22,"Fase 5 — Post-submission","MANUAL 🖐️",""
"22-M10 — Update fitur minor dari feedback valid","To do","2026-07-01",22,"Fase 5 — Post-submission","MANUAL 🖐️",""
"[HARI 23] Fitur Lanjutan & Public Outreach","To do","2026-07-02",23,"Fase 5 — Post-submission","",""
"23-P1-15 — Generate: Trending Fallacies widget, Web Push, Share WhatsApp, Kirim ke Guru, Classroom mode, sertifikat digital, QR code, verifikasi komunitas, API publik, webhook, SDK JS, embed widget, WordPress plugin, bookmarklet, mobile deep link","To do","2026-07-02",23,"Fase 5 — Post-submission","PROMPTING 🤖",""
"23-M1-15 — Test: WhatsApp, classroom, sertifikat, QR code, verifikasi, API docs, embed widget, bookmarklet; latihan pitch; monitor HF Space; post Build in Public #3; balas feedback; push update; ukur total analisis sejak launch","To do","2026-07-02",23,"Fase 5 — Post-submission","MANUAL 🖐️",""
"[HARI 24] Case Study & Partnership","To do","2026-07-03",24,"Fase 5 — Post-submission","",""
"24-P1-15 — Generate: demo script juri, Case Study debat politik, laporan 10 hal fallacy media Indonesia, infographic peta fallacy 2026, script podcast, FAQ update, changelog v1.1, roadmap visual, pitch partnership, email outreach institusi, proposal Kemendikbud, biz plan 3 tahun, YC pitch, technical blog, dokumentasi update","To do","2026-07-03",24,"Fase 5 — Post-submission","PROMPTING 🤖",""
"24-M1-15 — Tulis Case Study manual; review infographic; post Medium/LinkedIn; latihan pitch kritis; rekam + tonton + perbaiki; monitor engagement; reply DM; join Discord; vote proyek lain; fix bug critical; update HF Space; dokumentasi progress","To do","2026-07-03",24,"Fase 5 — Post-submission","MANUAL 🖐️",""
"[HARI 25] Stress Test & Infrastruktur","To do","2026-07-04",25,"Fase 5 — Post-submission","",""
"25-P1-15 — Generate: stress test 1000 users, auto-scaling robust, CDN Cloudflare, DB optimization, Qdrant optimizer, monitoring lengkap, alert granular, disaster recovery, backup Qdrant, restore < 5 menit, performance profiling, optimization recommendations, load balancer, API versioning, deprecation system","To do","2026-07-04",25,"Fase 5 — Post-submission","PROMPTING 🤖",""
"25-M1-15 — Jalankan stress test; identifikasi breaking point; apply auto-scaling; test disaster recovery; ukur waktu recovery; review monitoring; test alert; verifikasi CDN; benchmark DB; dokumentasi performa; update slide benchmark; push; post Build in Public #4; review feedback; prioritaskan fitur","To do","2026-07-04",25,"Fase 5 — Post-submission","MANUAL 🖐️",""
"[HARI 26] Gamifikasi Lanjutan & Analitik","To do","2026-07-05",26,"Fase 5 — Post-submission","",""
"26-P1-15 — Generate: Fallacy Duel, ranking nasional, Indonesia vs Dunia, analisis temporal, API researcher, academic citation, Zotero/Mendeley, Report Card bulanan, Improvement Track, ML feedback loop, A/B test UI, analytics admin, revenue dashboard, churn analysis, retention strategy","To do","2026-07-05",26,"Fase 5 — Post-submission","PROMPTING 🤖",""
"26-M1-15 — Test Fallacy Duel, ranking nasional, analisis temporal, integrasi Zotero, report card, A/B test result, revenue dashboard, retention notification; latihan pitch final; share ke mentor; dokumentasi fitur; update README; push; istirahat","To do","2026-07-05",26,"Fase 5 — Post-submission","MANUAL 🖐️",""
"[HARI 27] Final QA & Presentasi Prep","To do","2026-07-06",27,"Fase 5 — Post-submission","",""
"27-P1-15 — Generate: final QA checklist 50 poin, regression test, script otomatis, monitoring playbook, day-of checklist, backup plan semua failure, talking points update, so what statement, elevator pitch 3 versi, visual summary, email follow-up, LinkedIn message juri, thank you note, post-hackathon roadmap, lessons learned","To do","2026-07-06",27,"Fase 5 — Post-submission","PROMPTING 🤖",""
"27-M1-15 — Jalankan QA checklist; fix issues; final test submission links; latihan pitch 5x; rekam versi final; tonton kritis; implementasi 1-2 improvement; siapkan environment demo; simpan semua credentials; setup backup hotspot; catat contact juri; tidur cukup; visualisasikan presentasi sukses","To do","2026-07-06",27,"Fase 5 — Post-submission","MANUAL 🖐️",""
"[HARI 28] Hotfix & Launch Announcement","To do","2026-07-07",28,"Fase 5 — Post-submission","",""
"28-P1-15 — Generate: last-minute hotfix, hotfix deployment script, status page, update tweet, Product Hunt draft, press kit, media brief, video teaser 30 detik, Instagram carousel, TikTok script, partnership proposal Zenius/Ruangguru, Google for Startups proposal, angel investor pitch, financial model, 3-year vision","To do","2026-07-07",28,"Fase 5 — Post-submission","PROMPTING 🤖",""
"28-M1-15 — Deploy hotfix; verifikasi status page; post update sosmed; monitor traffic; monitor AMD cloud; balas komentar; compile angka final; siapkan slide; cek email lablab.ai; engage Discord; screenshot statistik; update slide; final dress rehearsal; siapkan tempat; charge semua perangkat","To do","2026-07-07",28,"Fase 5 — Post-submission","MANUAL 🖐️",""
"[HARI 29] Hari Presentasi","To do","2026-07-08",29,"Fase 5 — Post-submission","",""
"29-P1-15 — Generate: emergency hotfix, presentasi 5 menit, lightning pitch 1 menit, one-page summary PDF, follow-up email, social proof update, traction update, comparison FallacyChecker vs market, unique AMD insight, investor deck update, blog post draft, Twitter thread recap, LinkedIn article, case study format, thank you post AMD dan lablab","To do","2026-07-08",29,"Fase 5 — Post-submission","PROMPTING 🤖",""
"29-M1 — Final check semua submission links","To do","2026-07-08",29,"Fase 5 — Post-submission","MANUAL 🖐️",""
"29-M2 — Final test demo environment","To do","2026-07-08",29,"Fase 5 — Post-submission","MANUAL 🖐️",""
"29-M3 — Latihan pitch 3x","To do","2026-07-08",29,"Fase 5 — Post-submission","MANUAL 🖐️",""
"29-M4 — PRESENTASI 🎤","To do","2026-07-08",29,"Fase 5 — Post-submission","MANUAL 🖐️ | MILESTONE UTAMA",""
"29-M5 — Catat semua pertanyaan dan jawaban Q&A","To do","2026-07-08",29,"Fase 5 — Post-submission","MANUAL 🖐️",""
"29-M6 — Follow up juri di LinkedIn setelah presentasi","To do","2026-07-08",29,"Fase 5 — Post-submission","MANUAL 🖐️",""
"29-M7 — Post real-time update sosmed saat/setelah presentasi","To do","2026-07-08",29,"Fase 5 — Post-submission","MANUAL 🖐️",""
"29-M8 — Kirim one-page summary ke semua juri via email","To do","2026-07-08",29,"Fase 5 — Post-submission","MANUAL 🖐️",""
"29-M9 — Tonton presentasi tim lain, beri komentar positif","To do","2026-07-08",29,"Fase 5 — Post-submission","MANUAL 🖐️",""
"29-M10 — Rayakan progress yang sudah dicapai 🎉","To do","2026-07-08",29,"Fase 5 — Post-submission","MANUAL 🖐️",""
"[HARI 30] Refleksi & Launch","To do","2026-07-10",30,"Fase 5 — Post-submission","",""
"30-P1-15 — Generate: retrospektif dokumen, next sprint planning, technical debt list, user research questions, growth hacking ideas, content calendar 30 hari, newsletter template, community guidelines, moderation workflow, internship brief, academic paper outline, grant application Kominfo, KPI dashboard, OKR Q3 2026, celebration post","To do","2026-07-10",30,"Fase 5 — Post-submission","PROMPTING 🤖",""
"30-M1 — Baca dan refleksikan 30 hari perjalanan ini","To do","2026-07-10",30,"Fase 5 — Post-submission","MANUAL 🖐️",""
"30-M2 — Tulis jurnal pribadi: apa yang paling berharga dipelajari?","To do","2026-07-10",30,"Fase 5 — Post-submission","MANUAL 🖐️",""
"30-M3 — Kirim terima kasih ke semua yang bantu testing","To do","2026-07-10",30,"Fase 5 — Post-submission","MANUAL 🖐️",""
"30-M4 — Post Twitter thread: 30 hari membangun FallacyChecker","To do","2026-07-10",30,"Fase 5 — Post-submission","MANUAL 🖐️",""
"30-M5 — Post LinkedIn article: refleksi mendalam","To do","2026-07-10",30,"Fase 5 — Post-submission","MANUAL 🖐️",""
"30-M6 — Setup monitoring minggu pertama post-launch","To do","2026-07-10",30,"Fase 5 — Post-submission","MANUAL 🖐️",""
"30-M7 — Jadwalkan sesi user interview dengan 3 user pertama","To do","2026-07-10",30,"Fase 5 — Post-submission","MANUAL 🖐️",""
"30-M8 — Buat roadmap visual Juli-Agustus","To do","2026-07-10",30,"Fase 5 — Post-submission","MANUAL 🖐️",""
"30-M9 — Commit: bangun 1 fitur baru per minggu","To do","2026-07-10",30,"Fase 5 — Post-submission","MANUAL 🖐️",""
"30-M10 — 🎉 RAYAKAN — selesaikan hackathon internasional pertama!","To do","2026-07-10",30,"Fase 5 — Post-submission","MANUAL 🖐️ | MILESTONE FINAL",""
